id,name,category,subcategory,muscle_groups,equipment,difficulty,instructions,safety_notes,body_part,secondary_muscles,is_beginner_safe,requires_spotter,calories_per_minute,target_reps,target_sets,rest_time_seconds,progression_tips,common_mistakes
1,Push-ups,strength,chest,"chest,triceps,shoulders",bodyweight,intermediate,Perform push-ups using bodyweight with proper form and controlled movement.,Warm up before exercising. Use proper form.,chest,"core,stabilizers",True,False,8,9-17,3,62,"Gradually increase intensity, reps, or weight for push-ups","Poor form, rushing through reps, inadequate warm-up"
2,Push-ups (cable),strength,chest,"chest,triceps,shoulders",cable,intermediate,Perform push-ups using cable with proper form and controlled movement.,Warm up before exercising. Use proper form.,chest,"core,stabilizers",False,False,6,11-16,2,100,"Gradually increase intensity, reps, or weight for push-ups","Poor form, rushing through reps, inadequate warm-up"
3,Bench Press,strength,chest,"chest,triceps,shoulders",bodyweight,intermediate,Perform bench press using bodyweight with proper form and controlled movement.,Warm up before exercising. Use proper form.,chest,"core,stabilizers",True,False,8,9-17,2,106,"Gradually increase intensity, reps, or weight for bench press","Poor form, rushing through reps, inadequate warm-up"
4,Bench Press (cable),strength,chest,"chest,triceps,shoulders",cable,intermediate,Perform bench press using cable with proper form and controlled movement.,Warm up before exercising. Use proper form.,chest,"core,stabilizers",False,False,5,11-15,4,81,"Gradually increase intensity, reps, or weight for bench press","Poor form, rushing through reps, inadequate warm-up"
5,Incline Press,strength,chest,"chest,triceps,shoulders",bodyweight,intermediate,Perform incline press using bodyweight with proper form and controlled movement.,Warm up before exercising. Use proper form.,chest,"core,stabilizers",True,False,4,9-16,2,95,"Gradually increase intensity, reps, or weight for incline press","Poor form, rushing through reps, inadequate warm-up"
6,Incline Press (dumbbell),strength,chest,"chest,triceps,shoulders",dumbbell,intermediate,Perform incline press using dumbbell with proper form and controlled movement.,Warm up before exercising. Use proper form.,chest,"core,stabilizers",False,False,5,11-18,4,60,"Gradually increase intensity, reps, or weight for incline press","Poor form, rushing through reps, inadequate warm-up"
7,Incline Press (cable),strength,chest,"chest,triceps,shoulders",cable,intermediate,Perform incline press using cable with proper form and controlled movement.,Warm up before exercising. Use proper form.,chest,"core,stabilizers",False,False,8,8-15,4,99,"Gradually increase intensity, reps, or weight for incline press","Poor form, rushing through reps, inadequate warm-up"
8,Decline Press,strength,chest,"chest,triceps,shoulders",bodyweight,intermediate,Perform decline press using bodyweight with proper form and controlled movement.,Warm up before exercising. Use proper form.,chest,"core,stabilizers",True,False,5,8-16,4,93,"Gradually increase intensity, reps, or weight for decline press","Poor form, rushing through reps, inadequate warm-up"
9,Decline Press (cable),strength,chest,"chest,triceps,shoulders",cable,intermediate,Perform decline press using cable with proper form and controlled movement.,Warm up before exercising. Use proper form.,chest,"core,stabilizers",False,False,8,12-18,2,102,"Gradually increase intensity, reps, or weight for decline press","Poor form, rushing through reps, inadequate warm-up"
10,Dumbbell Flyes,strength,chest,"chest,triceps,shoulders",bodyweight,intermediate,Perform dumbbell flyes using bodyweight with proper form and controlled movement.,Warm up before exercising. Use proper form.,chest,"core,stabilizers",True,False,6,8-15,3,114,"Gradually increase intensity, reps, or weight for dumbbell flyes","Poor form, rushing through reps, inadequate warm-up"
11,Dumbbell Flyes (barbell),strength,chest,"chest,triceps,shoulders",barbell,advanced,Perform dumbbell flyes using barbell with proper form and controlled movement.,Warm up before exercising. Use proper form. Consider using a spotter.,chest,"core,stabilizers",False,False,7,12-19,4,73,"Gradually increase intensity, reps, or weight for dumbbell flyes","Poor form, rushing through reps, inadequate warm-up"
12,Dumbbell Flyes (machine),strength,chest,"chest,triceps,shoulders",machine,beginner,Perform dumbbell flyes using machine with proper form and controlled movement.,Warm up before exercising. Use proper form.,chest,"core,stabilizers",True,False,5,12-19,2,69,"Gradually increase intensity, reps, or weight for dumbbell flyes","Poor form, rushing through reps, inadequate warm-up"
13,Dumbbell Flyes (cable),strength,chest,"chest,triceps,shoulders",cable,intermediate,Perform dumbbell flyes using cable with proper form and controlled movement.,Warm up before exercising. Use proper form.,chest,"core,stabilizers",False,False,6,11-19,3,107,"Gradually increase intensity, reps, or weight for dumbbell flyes","Poor form, rushing through reps, inadequate warm-up"
14,Cable Crossovers,strength,chest,"chest,triceps,shoulders",bodyweight,intermediate,Perform cable crossovers using bodyweight with proper form and controlled movement.,Warm up before exercising. Use proper form.,chest,"core,stabilizers",True,False,7,10-18,3,118,"Gradually increase intensity, reps, or weight for cable crossovers","Poor form, rushing through reps, inadequate warm-up"
15,Cable Crossovers (cable),strength,chest,"chest,triceps,shoulders",cable,intermediate,Perform cable crossovers using cable with proper form and controlled movement.,Warm up before exercising. Use proper form.,chest,"core,stabilizers",False,False,7,8-15,3,70,"Gradually increase intensity, reps, or weight for cable crossovers","Poor form, rushing through reps, inadequate warm-up"
16,Dips (barbell),strength,chest,"chest,triceps,shoulders",barbell,advanced,Perform dips using barbell with proper form and controlled movement.,Warm up before exercising. Use proper form. Consider using a spotter.,chest,"core,stabilizers",False,False,6,12-18,3,65,"Gradually increase intensity, reps, or weight for dips","Poor form, rushing through reps, inadequate warm-up"
17,Dips (machine),strength,chest,"chest,triceps,shoulders",machine,beginner,Perform dips using machine with proper form and controlled movement.,Warm up before exercising. Use proper form.,chest,"core,stabilizers",True,False,4,8-15,3,107,"Gradually increase intensity, reps, or weight for dips","Poor form, rushing through reps, inadequate warm-up"
18,Dips (kettlebell),strength,chest,"chest,triceps,shoulders",kettlebell,intermediate,Perform dips using kettlebell with proper form and controlled movement.,Warm up before exercising. Use proper form.,chest,"core,stabilizers",False,False,4,12-20,4,80,"Gradually increase intensity, reps, or weight for dips","Poor form, rushing through reps, inadequate warm-up"
19,Dips (resistance_band),strength,chest,"chest,triceps,shoulders",resistance_band,intermediate,Perform dips using resistance_band with proper form and controlled movement.,Warm up before exercising. Use proper form.,chest,"core,stabilizers",False,False,5,11-16,3,72,"Gradually increase intensity, reps, or weight for dips","Poor form, rushing through reps, inadequate warm-up"
20,Pull-ups,strength,back,"back,biceps,rear_delts",bodyweight,intermediate,Perform pull-ups using bodyweight with proper form and controlled movement.,Warm up before exercising. Use proper form.,back,"core,stabilizers",True,False,8,11-16,2,106,"Gradually increase intensity, reps, or weight for pull-ups","Poor form, rushing through reps, inadequate warm-up"
21,Pull-ups (cable),strength,back,"back,biceps,rear_delts",cable,intermediate,Perform pull-ups using cable with proper form and controlled movement.,Warm up before exercising. Use proper form.,back,"core,stabilizers",False,False,6,8-16,2,74,"Gradually increase intensity, reps, or weight for pull-ups","Poor form, rushing through reps, inadequate warm-up"
22,Chin-ups,strength,back,"back,biceps,rear_delts",bodyweight,intermediate,Perform chin-ups using bodyweight with proper form and controlled movement.,Warm up before exercising. Use proper form.,back,"core,stabilizers",True,False,5,9-16,4,94,"Gradually increase intensity, reps, or weight for chin-ups","Poor form, rushing through reps, inadequate warm-up"
23,Chin-ups (dumbbell),strength,back,"back,biceps,rear_delts",dumbbell,intermediate,Perform chin-ups using dumbbell with proper form and controlled movement.,Warm up before exercising. Use proper form.,back,"core,stabilizers",False,False,5,12-16,2,114,"Gradually increase intensity, reps, or weight for chin-ups","Poor form, rushing through reps, inadequate warm-up"
24,Rows,strength,back,"back,biceps,rear_delts",bodyweight,intermediate,Perform rows using bodyweight with proper form and controlled movement.,Warm up before exercising. Use proper form.,back,"core,stabilizers",True,False,7,8-20,3,76,"Gradually increase intensity, reps, or weight for rows","Poor form, rushing through reps, inadequate warm-up"
25,Rows (barbell),strength,back,"back,biceps,rear_delts",barbell,advanced,Perform rows using barbell with proper form and controlled movement.,Warm up before exercising. Use proper form. Consider using a spotter.,back,"core,stabilizers",False,False,8,10-17,3,87,"Gradually increase intensity, reps, or weight for rows","Poor form, rushing through reps, inadequate warm-up"
26,Lat Pulldowns (dumbbell),strength,back,"back,biceps,rear_delts",dumbbell,intermediate,Perform lat pulldowns using dumbbell with proper form and controlled movement.,Warm up before exercising. Use proper form.,back,"core,stabilizers",False,False,8,8-17,2,105,"Gradually increase intensity, reps, or weight for lat pulldowns","Poor form, rushing through reps, inadequate warm-up"
27,Lat Pulldowns (barbell),strength,back,"back,biceps,rear_delts",barbell,advanced,Perform lat pulldowns using barbell with proper form and controlled movement.,Warm up before exercising. Use proper form. Consider using a spotter.,back,"core,stabilizers",False,False,6,9-17,4,120,"Gradually increase intensity, reps, or weight for lat pulldowns","Poor form, rushing through reps, inadequate warm-up"
28,Lat Pulldowns (machine),strength,back,"back,biceps,rear_delts",machine,beginner,Perform lat pulldowns using machine with proper form and controlled movement.,Warm up before exercising. Use proper form.,back,"core,stabilizers",True,False,7,9-17,3,111,"Gradually increase intensity, reps, or weight for lat pulldowns","Poor form, rushing through reps, inadequate warm-up"
29,Lat Pulldowns (kettlebell),strength,back,"back,biceps,rear_delts",kettlebell,intermediate,Perform lat pulldowns using kettlebell with proper form and controlled movement.,Warm up before exercising. Use proper form.,back,"core,stabilizers",False,False,5,8-20,2,88,"Gradually increase intensity, reps, or weight for lat pulldowns","Poor form, rushing through reps, inadequate warm-up"
30,Deadlifts,strength,back,"back,biceps,rear_delts",bodyweight,intermediate,Perform deadlifts using bodyweight with proper form and controlled movement.,Warm up before exercising. Use proper form.,back,"core,stabilizers",True,False,6,8-16,2,68,"Gradually increase intensity, reps, or weight for deadlifts","Poor form, rushing through reps, inadequate warm-up"
31,Deadlifts (dumbbell),strength,back,"back,biceps,rear_delts",dumbbell,intermediate,Perform deadlifts using dumbbell with proper form and controlled movement.,Warm up before exercising. Use proper form.,back,"core,stabilizers",False,False,4,11-18,4,107,"Gradually increase intensity, reps, or weight for deadlifts","Poor form, rushing through reps, inadequate warm-up"
32,Deadlifts (machine),strength,back,"back,biceps,rear_delts",machine,beginner,Perform deadlifts using machine with proper form and controlled movement.,Warm up before exercising. Use proper form.,back,"core,stabilizers",True,False,5,10-20,3,82,"Gradually increase intensity, reps, or weight for deadlifts","Poor form, rushing through reps, inadequate warm-up"
33,Deadlifts (cable),strength,back,"back,biceps,rear_delts",cable,intermediate,Perform deadlifts using cable with proper form and controlled movement.,Warm up before exercising. Use proper form.,back,"core,stabilizers",False,False,6,12-15,3,61,"Gradually increase intensity, reps, or weight for deadlifts","Poor form, rushing through reps, inadequate warm-up"
34,Deadlifts (resistance_band),strength,back,"back,biceps,rear_delts",resistance_band,intermediate,Perform deadlifts using resistance_band with proper form and controlled movement.,Warm up before exercising. Use proper form.,back,"core,stabilizers",False,False,4,12-20,2,114,"Gradually increase intensity, reps, or weight for deadlifts","Poor form, rushing through reps, inadequate warm-up"
35,T-Bar Rows,strength,back,"back,biceps,rear_delts",bodyweight,intermediate,Perform t-bar rows using bodyweight with proper form and controlled movement.,Warm up before exercising. Use proper form.,back,"core,stabilizers",True,False,8,9-15,2,101,"Gradually increase intensity, reps, or weight for t-bar rows","Poor form, rushing through reps, inadequate warm-up"
36,T-Bar Rows (dumbbell),strength,back,"back,biceps,rear_delts",dumbbell,intermediate,Perform t-bar rows using dumbbell with proper form and controlled movement.,Warm up before exercising. Use proper form.,back,"core,stabilizers",False,False,8,10-18,3,106,"Gradually increase intensity, reps, or weight for t-bar rows","Poor form, rushing through reps, inadequate warm-up"
37,T-Bar Rows (cable),strength,back,"back,biceps,rear_delts",cable,intermediate,Perform t-bar rows using cable with proper form and controlled movement.,Warm up before exercising. Use proper form.,back,"core,stabilizers",False,False,5,8-20,4,108,"Gradually increase intensity, reps, or weight for t-bar rows","Poor form, rushing through reps, inadequate warm-up"
38,T-Bar Rows (kettlebell),strength,back,"back,biceps,rear_delts",kettlebell,intermediate,Perform t-bar rows using kettlebell with proper form and controlled movement.,Warm up before exercising. Use proper form.,back,"core,stabilizers",False,False,5,10-20,2,93,"Gradually increase intensity, reps, or weight for t-bar rows","Poor form, rushing through reps, inadequate warm-up"
39,Face Pulls,strength,back,"back,biceps,rear_delts",bodyweight,intermediate,Perform face pulls using bodyweight with proper form and controlled movement.,Warm up before exercising. Use proper form.,back,"core,stabilizers",True,False,6,9-17,2,87,"Gradually increase intensity, reps, or weight for face pulls","Poor form, rushing through reps, inadequate warm-up"
40,Face Pulls (dumbbell),strength,back,"back,biceps,rear_delts",dumbbell,intermediate,Perform face pulls using dumbbell with proper form and controlled movement.,Warm up before exercising. Use proper form.,back,"core,stabilizers",False,False,7,12-16,4,69,"Gradually increase intensity, reps, or weight for face pulls","Poor form, rushing through reps, inadequate warm-up"
41,Squats (cable),strength,legs,"quadriceps,hamstrings,glutes",cable,intermediate,Perform squats using cable with proper form and controlled movement.,Warm up before exercising. Use proper form.,legs,"core,stabilizers",False,False,7,8-18,2,103,"Gradually increase intensity, reps, or weight for squats","Poor form, rushing through reps, inadequate warm-up"
42,Squats (kettlebell),strength,legs,"quadriceps,hamstrings,glutes",kettlebell,intermediate,Perform squats using kettlebell with proper form and controlled movement.,Warm up before exercising. Use proper form.,legs,"core,stabilizers",False,False,5,10-19,4,94,"Gradually increase intensity, reps, or weight for squats","Poor form, rushing through reps, inadequate warm-up"
43,Lunges,strength,legs,"quadriceps,hamstrings,glutes",bodyweight,intermediate,Perform lunges using bodyweight with proper form and controlled movement.,Warm up before exercising. Use proper form.,legs,"core,stabilizers",True,False,5,8-18,4,66,"Gradually increase intensity, reps, or weight for lunges","Poor form, rushing through reps, inadequate warm-up"
44,Lunges (barbell),strength,legs,"quadriceps,hamstrings,glutes",barbell,advanced,Perform lunges using barbell with proper form and controlled movement.,Warm up before exercising. Use proper form. Consider using a spotter.,legs,"core,stabilizers",False,False,5,9-16,4,102,"Gradually increase intensity, reps, or weight for lunges","Poor form, rushing through reps, inadequate warm-up"
45,Lunges (machine),strength,legs,"quadriceps,hamstrings,glutes",machine,beginner,Perform lunges using machine with proper form and controlled movement.,Warm up before exercising. Use proper form.,legs,"core,stabilizers",True,False,6,11-20,2,62,"Gradually increase intensity, reps, or weight for lunges","Poor form, rushing through reps, inadequate warm-up"
46,Lunges (cable),strength,legs,"quadriceps,hamstrings,glutes",cable,intermediate,Perform lunges using cable with proper form and controlled movement.,Warm up before exercising. Use proper form.,legs,"core,stabilizers",False,False,7,11-15,3,80,"Gradually increase intensity, reps, or weight for lunges","Poor form, rushing through reps, inadequate warm-up"
47,Leg Press (dumbbell),strength,legs,"quadriceps,hamstrings,glutes",dumbbell,intermediate,Perform leg press using dumbbell with proper form and controlled movement.,Warm up before exercising. Use proper form.,legs,"core,stabilizers",False,False,8,11-18,2,99,"Gradually increase intensity, reps, or weight for leg press","Poor form, rushing through reps, inadequate warm-up"
48,Leg Press (cable),strength,legs,"quadriceps,hamstrings,glutes",cable,intermediate,Perform leg press using cable with proper form and controlled movement.,Warm up before exercising. Use proper form.,legs,"core,stabilizers",False,False,4,10-18,3,76,"Gradually increase intensity, reps, or weight for leg press","Poor form, rushing through reps, inadequate warm-up"
49,Leg Press (kettlebell),strength,legs,"quadriceps,hamstrings,glutes",kettlebell,intermediate,Perform leg press using kettlebell with proper form and controlled movement.,Warm up before exercising. Use proper form.,legs,"core,stabilizers",False,False,7,8-17,3,101,"Gradually increase intensity, reps, or weight for leg press","Poor form, rushing through reps, inadequate warm-up"
50,Romanian Deadlifts (cable),strength,legs,"quadriceps,hamstrings,glutes",cable,intermediate,Perform romanian deadlifts using cable with proper form and controlled movement.,Warm up before exercising. Use proper form.,legs,"core,stabilizers",False,False,5,11-17,2,68,"Gradually increase intensity, reps, or weight for romanian deadlifts","Poor form, rushing through reps, inadequate warm-up"
51,Bulgarian Split Squats,strength,legs,"quadriceps,hamstrings,glutes",bodyweight,intermediate,Perform bulgarian split squats using bodyweight with proper form and controlled movement.,Warm up before exercising. Use proper form.,legs,"core,stabilizers",True,False,4,11-17,4,68,"Gradually increase intensity, reps, or weight for bulgarian split squats","Poor form, rushing through reps, inadequate warm-up"
52,Calf Raises (machine),strength,legs,"quadriceps,hamstrings,glutes",machine,beginner,Perform calf raises using machine with proper form and controlled movement.,Warm up before exercising. Use proper form.,legs,"core,stabilizers",True,False,7,9-17,2,75,"Gradually increase intensity, reps, or weight for calf raises","Poor form, rushing through reps, inadequate warm-up"
53,Calf Raises (kettlebell),strength,legs,"quadriceps,hamstrings,glutes",kettlebell,intermediate,Perform calf raises using kettlebell with proper form and controlled movement.,Warm up before exercising. Use proper form.,legs,"core,stabilizers",False,False,5,9-17,4,95,"Gradually increase intensity, reps, or weight for calf raises","Poor form, rushing through reps, inadequate warm-up"
54,Step-ups,strength,legs,"quadriceps,hamstrings,glutes",bodyweight,intermediate,Perform step-ups using bodyweight with proper form and controlled movement.,Warm up before exercising. Use proper form.,legs,"core,stabilizers",True,False,7,10-18,4,89,"Gradually increase intensity, reps, or weight for step-ups","Poor form, rushing through reps, inadequate warm-up"
55,Step-ups (barbell),strength,legs,"quadriceps,hamstrings,glutes",barbell,advanced,Perform step-ups using barbell with proper form and controlled movement.,Warm up before exercising. Use proper form. Consider using a spotter.,legs,"core,stabilizers",False,False,7,11-17,2,94,"Gradually increase intensity, reps, or weight for step-ups","Poor form, rushing through reps, inadequate warm-up"
56,Step-ups (machine),strength,legs,"quadriceps,hamstrings,glutes",machine,beginner,Perform step-ups using machine with proper form and controlled movement.,Warm up before exercising. Use proper form.,legs,"core,stabilizers",True,False,7,12-16,3,69,"Gradually increase intensity, reps, or weight for step-ups","Poor form, rushing through reps, inadequate warm-up"
57,Wall Sits,strength,legs,"quadriceps,hamstrings,glutes",bodyweight,intermediate,Perform wall sits using bodyweight with proper form and controlled movement.,Warm up before exercising. Use proper form.,legs,"core,stabilizers",True,False,7,9-18,2,109,"Gradually increase intensity, reps, or weight for wall sits","Poor form, rushing through reps, inadequate warm-up"
58,Wall Sits (barbell),strength,legs,"quadriceps,hamstrings,glutes",barbell,advanced,Perform wall sits using barbell with proper form and controlled movement.,Warm up before exercising. Use proper form. Consider using a spotter.,legs,"core,stabilizers",False,False,6,11-15,3,89,"Gradually increase intensity, reps, or weight for wall sits","Poor form, rushing through reps, inadequate warm-up"
59,Wall Sits (cable),strength,legs,"quadriceps,hamstrings,glutes",cable,intermediate,Perform wall sits using cable with proper form and controlled movement.,Warm up before exercising. Use proper form.,legs,"core,stabilizers",False,False,7,10-18,3,83,"Gradually increase intensity, reps, or weight for wall sits","Poor form, rushing through reps, inadequate warm-up"
60,Overhead Press (dumbbell),strength,shoulders,"shoulders,triceps",dumbbell,intermediate,Perform overhead press using dumbbell with proper form and controlled movement.,Warm up before exercising. Use proper form.,shoulders,"core,stabilizers",False,False,4,12-18,4,60,"Gradually increase intensity, reps, or weight for overhead press","Poor form, rushing through reps, inadequate warm-up"
61,Lateral Raises,strength,shoulders,"shoulders,triceps",bodyweight,intermediate,Perform lateral raises using bodyweight with proper form and controlled movement.,Warm up before exercising. Use proper form.,shoulders,"core,stabilizers",True,False,8,10-16,2,80,"Gradually increase intensity, reps, or weight for lateral raises","Poor form, rushing through reps, inadequate warm-up"
62,Lateral Raises (dumbbell),strength,shoulders,"shoulders,triceps",dumbbell,intermediate,Perform lateral raises using dumbbell with proper form and controlled movement.,Warm up before exercising. Use proper form.,shoulders,"core,stabilizers",False,False,7,10-19,2,87,"Gradually increase intensity, reps, or weight for lateral raises","Poor form, rushing through reps, inadequate warm-up"
63,Lateral Raises (cable),strength,shoulders,"shoulders,triceps",cable,intermediate,Perform lateral raises using cable with proper form and controlled movement.,Warm up before exercising. Use proper form.,shoulders,"core,stabilizers",False,False,8,9-17,2,91,"Gradually increase intensity, reps, or weight for lateral raises","Poor form, rushing through reps, inadequate warm-up"
64,Front Raises,strength,shoulders,"shoulders,triceps",bodyweight,intermediate,Perform front raises using bodyweight with proper form and controlled movement.,Warm up before exercising. Use proper form.,shoulders,"core,stabilizers",True,False,5,12-17,2,95,"Gradually increase intensity, reps, or weight for front raises","Poor form, rushing through reps, inadequate warm-up"
65,Front Raises (cable),strength,shoulders,"shoulders,triceps",cable,intermediate,Perform front raises using cable with proper form and controlled movement.,Warm up before exercising. Use proper form.,shoulders,"core,stabilizers",False,False,6,12-20,4,68,"Gradually increase intensity, reps, or weight for front raises","Poor form, rushing through reps, inadequate warm-up"
66,Rear Delt Flyes (kettlebell),strength,shoulders,"shoulders,triceps",kettlebell,intermediate,Perform rear delt flyes using kettlebell with proper form and controlled movement.,Warm up before exercising. Use proper form.,shoulders,"core,stabilizers",False,False,8,12-18,2,99,"Gradually increase intensity, reps, or weight for rear delt flyes","Poor form, rushing through reps, inadequate warm-up"
67,Arnold Press,strength,shoulders,"shoulders,triceps",bodyweight,intermediate,Perform arnold press using bodyweight with proper form and controlled movement.,Warm up before exercising. Use proper form.,shoulders,"core,stabilizers",True,False,8,8-17,2,91,"Gradually increase intensity, reps, or weight for arnold press","Poor form, rushing through reps, inadequate warm-up"
68,Arnold Press (barbell),strength,shoulders,"shoulders,triceps",barbell,advanced,Perform arnold press using barbell with proper form and controlled movement.,Warm up before exercising. Use proper form. Consider using a spotter.,shoulders,"core,stabilizers",False,True,4,11-18,4,68,"Gradually increase intensity, reps, or weight for arnold press","Poor form, rushing through reps, inadequate warm-up"
69,Arnold Press (machine),strength,shoulders,"shoulders,triceps",machine,beginner,Perform arnold press using machine with proper form and controlled movement.,Warm up before exercising. Use proper form.,shoulders,"core,stabilizers",True,False,8,9-20,4,96,"Gradually increase intensity, reps, or weight for arnold press","Poor form, rushing through reps, inadequate warm-up"
70,Arnold Press (resistance_band),strength,shoulders,"shoulders,triceps",resistance_band,intermediate,Perform arnold press using resistance_band with proper form and controlled movement.,Warm up before exercising. Use proper form.,shoulders,"core,stabilizers",False,False,5,12-17,2,100,"Gradually increase intensity, reps, or weight for arnold press","Poor form, rushing through reps, inadequate warm-up"
71,Upright Rows,strength,shoulders,"shoulders,triceps",bodyweight,intermediate,Perform upright rows using bodyweight with proper form and controlled movement.,Warm up before exercising. Use proper form.,shoulders,"core,stabilizers",True,False,4,12-18,4,105,"Gradually increase intensity, reps, or weight for upright rows","Poor form, rushing through reps, inadequate warm-up"
72,Upright Rows (kettlebell),strength,shoulders,"shoulders,triceps",kettlebell,intermediate,Perform upright rows using kettlebell with proper form and controlled movement.,Warm up before exercising. Use proper form.,shoulders,"core,stabilizers",False,False,8,8-15,4,88,"Gradually increase intensity, reps, or weight for upright rows","Poor form, rushing through reps, inadequate warm-up"
73,Upright Rows (resistance_band),strength,shoulders,"shoulders,triceps",resistance_band,intermediate,Perform upright rows using resistance_band with proper form and controlled movement.,Warm up before exercising. Use proper form.,shoulders,"core,stabilizers",False,False,5,8-19,3,90,"Gradually increase intensity, reps, or weight for upright rows","Poor form, rushing through reps, inadequate warm-up"
74,Bicep Curls,strength,arms,"biceps,triceps",bodyweight,intermediate,Perform bicep curls using bodyweight with proper form and controlled movement.,Warm up before exercising. Use proper form.,arms,"core,stabilizers",True,False,8,10-18,3,120,"Gradually increase intensity, reps, or weight for bicep curls","Poor form, rushing through reps, inadequate warm-up"
75,Bicep Curls (barbell),strength,arms,"biceps,triceps",barbell,advanced,Perform bicep curls using barbell with proper form and controlled movement.,Warm up before exercising. Use proper form. Consider using a spotter.,arms,"core,stabilizers",False,False,6,8-20,2,101,"Gradually increase intensity, reps, or weight for bicep curls","Poor form, rushing through reps, inadequate warm-up"
76,Tricep Extensions,strength,arms,"biceps,triceps",bodyweight,intermediate,Perform tricep extensions using bodyweight with proper form and controlled movement.,Warm up before exercising. Use proper form.,arms,"core,stabilizers",True,False,7,9-15,2,60,"Gradually increase intensity, reps, or weight for tricep extensions","Poor form, rushing through reps, inadequate warm-up"
77,Tricep Extensions (machine),strength,arms,"biceps,triceps",machine,beginner,Perform tricep extensions using machine with proper form and controlled movement.,Warm up before exercising. Use proper form.,arms,"core,stabilizers",True,False,4,9-18,3,60,"Gradually increase intensity, reps, or weight for tricep extensions","Poor form, rushing through reps, inadequate warm-up"
78,Tricep Extensions (cable),strength,arms,"biceps,triceps",cable,intermediate,Perform tricep extensions using cable with proper form and controlled movement.,Warm up before exercising. Use proper form.,arms,"core,stabilizers",False,False,4,12-19,3,115,"Gradually increase intensity, reps, or weight for tricep extensions","Poor form, rushing through reps, inadequate warm-up"
79,Hammer Curls,strength,arms,"biceps,triceps",bodyweight,intermediate,Perform hammer curls using bodyweight with proper form and controlled movement.,Warm up before exercising. Use proper form.,arms,"core,stabilizers",True,False,7,11-17,3,108,"Gradually increase intensity, reps, or weight for hammer curls","Poor form, rushing through reps, inadequate warm-up"
80,Preacher Curls,strength,arms,"biceps,triceps",bodyweight,intermediate,Perform preacher curls using bodyweight with proper form and controlled movement.,Warm up before exercising. Use proper form.,arms,"core,stabilizers",True,False,4,11-17,2,72,"Gradually increase intensity, reps, or weight for preacher curls","Poor form, rushing through reps, inadequate warm-up"
81,Preacher Curls (cable),strength,arms,"biceps,triceps",cable,intermediate,Perform preacher curls using cable with proper form and controlled movement.,Warm up before exercising. Use proper form.,arms,"core,stabilizers",False,False,4,9-15,4,116,"Gradually increase intensity, reps, or weight for preacher curls","Poor form, rushing through reps, inadequate warm-up"
82,Preacher Curls (kettlebell),strength,arms,"biceps,triceps",kettlebell,intermediate,Perform preacher curls using kettlebell with proper form and controlled movement.,Warm up before exercising. Use proper form.,arms,"core,stabilizers",False,False,7,12-20,3,91,"Gradually increase intensity, reps, or weight for preacher curls","Poor form, rushing through reps, inadequate warm-up"
83,Close Grip Push-ups (resistance_band),strength,arms,"biceps,triceps",resistance_band,intermediate,Perform close grip push-ups using resistance_band with proper form and controlled movement.,Warm up before exercising. Use proper form.,arms,"core,stabilizers",False,False,6,9-19,4,105,"Gradually increase intensity, reps, or weight for close grip push-ups","Poor form, rushing through reps, inadequate warm-up"
84,Tricep Dips (dumbbell),strength,arms,"biceps,triceps",dumbbell,intermediate,Perform tricep dips using dumbbell with proper form and controlled movement.,Warm up before exercising. Use proper form.,arms,"core,stabilizers",False,False,5,11-18,3,84,"Gradually increase intensity, reps, or weight for tricep dips","Poor form, rushing through reps, inadequate warm-up"
85,Tricep Dips (machine),strength,arms,"biceps,triceps",machine,beginner,Perform tricep dips using machine with proper form and controlled movement.,Warm up before exercising. Use proper form.,arms,"core,stabilizers",True,False,5,9-20,2,102,"Gradually increase intensity, reps, or weight for tricep dips","Poor form, rushing through reps, inadequate warm-up"
86,Walking,cardio,low_intensity,general,bodyweight,intermediate,Perform walking using bodyweight with proper form and controlled movement.,Warm up before exercising. Use proper form.,low_intensity,"core,stabilizers",True,False,14,30-60 seconds,4,36,"Gradually increase intensity, reps, or weight for walking","Poor form, rushing through reps, inadequate warm-up"
87,Walking (dumbbell),cardio,low_intensity,general,dumbbell,intermediate,Perform walking using dumbbell with proper form and controlled movement.,Warm up before exercising. Use proper form.,low_intensity,"core,stabilizers",False,False,11,30-60 seconds,2,30,"Gradually increase intensity, reps, or weight for walking","Poor form, rushing through reps, inadequate warm-up"
88,Walking (kettlebell),cardio,low_intensity,general,kettlebell,intermediate,Perform walking using kettlebell with proper form and controlled movement.,Warm up before exercising. Use proper form.,low_intensity,"core,stabilizers",False,False,10,30-60 seconds,4,45,"Gradually increase intensity, reps, or weight for walking","Poor form, rushing through reps, inadequate warm-up"
89,Walking (resistance_band),cardio,low_intensity,general,resistance_band,intermediate,Perform walking using resistance_band with proper form and controlled movement.,Warm up before exercising. Use proper form.,low_intensity,"core,stabilizers",False,False,12,30-60 seconds,4,58,"Gradually increase intensity, reps, or weight for walking","Poor form, rushing through reps, inadequate warm-up"
90,Light Jogging,cardio,low_intensity,general,bodyweight,intermediate,Perform light jogging using bodyweight with proper form and controlled movement.,Warm up before exercising. Use proper form.,low_intensity,"core,stabilizers",True,False,12,30-60 seconds,4,36,"Gradually increase intensity, reps, or weight for light jogging","Poor form, rushing through reps, inadequate warm-up"
91,Light Jogging (cable),cardio,low_intensity,general,cable,intermediate,Perform light jogging using cable with proper form and controlled movement.,Warm up before exercising. Use proper form.,low_intensity,"core,stabilizers",False,False,15,30-60 seconds,3,36,"Gradually increase intensity, reps, or weight for light jogging","Poor form, rushing through reps, inadequate warm-up"
92,Light Jogging (resistance_band),cardio,low_intensity,general,resistance_band,intermediate,Perform light jogging using resistance_band with proper form and controlled movement.,Warm up before exercising. Use proper form.,low_intensity,"core,stabilizers",False,False,15,30-60 seconds,2,44,"Gradually increase intensity, reps, or weight for light jogging","Poor form, rushing through reps, inadequate warm-up"
93,Cycling (dumbbell),cardio,low_intensity,general,dumbbell,intermediate,Perform cycling using dumbbell with proper form and controlled movement.,Warm up before exercising. Use proper form.,low_intensity,"core,stabilizers",False,False,13,30-60 seconds,2,41,"Gradually increase intensity, reps, or weight for cycling","Poor form, rushing through reps, inadequate warm-up"
94,Cycling (resistance_band),cardio,low_intensity,general,resistance_band,intermediate,Perform cycling using resistance_band with proper form and controlled movement.,Warm up before exercising. Use proper form.,low_intensity,"core,stabilizers",False,False,13,30-60 seconds,2,58,"Gradually increase intensity, reps, or weight for cycling","Poor form, rushing through reps, inadequate warm-up"
95,Swimming,cardio,low_intensity,general,bodyweight,intermediate,Perform swimming using bodyweight with proper form and controlled movement.,Warm up before exercising. Use proper form.,low_intensity,"core,stabilizers",True,False,8,30-60 seconds,3,47,"Gradually increase intensity, reps, or weight for swimming","Poor form, rushing through reps, inadequate warm-up"
96,Swimming (machine),cardio,low_intensity,general,machine,beginner,Perform swimming using machine with proper form and controlled movement.,Warm up before exercising. Use proper form.,low_intensity,"core,stabilizers",True,False,12,30-60 seconds,2,56,"Gradually increase intensity, reps, or weight for swimming","Poor form, rushing through reps, inadequate warm-up"
97,Swimming (resistance_band),cardio,low_intensity,general,resistance_band,intermediate,Perform swimming using resistance_band with proper form and controlled movement.,Warm up before exercising. Use proper form.,low_intensity,"core,stabilizers",False,False,9,30-60 seconds,4,30,"Gradually increase intensity, reps, or weight for swimming","Poor form, rushing through reps, inadequate warm-up"
98,Elliptical,cardio,low_intensity,general,bodyweight,intermediate,Perform elliptical using bodyweight with proper form and controlled movement.,Warm up before exercising. Use proper form.,low_intensity,"core,stabilizers",True,False,14,30-60 seconds,3,55,"Gradually increase intensity, reps, or weight for elliptical","Poor form, rushing through reps, inadequate warm-up"
99,Elliptical (kettlebell),cardio,low_intensity,general,kettlebell,intermediate,Perform elliptical using kettlebell with proper form and controlled movement.,Warm up before exercising. Use proper form.,low_intensity,"core,stabilizers",False,False,14,30-60 seconds,4,43,"Gradually increase intensity, reps, or weight for elliptical","Poor form, rushing through reps, inadequate warm-up"
100,Running (resistance_band),cardio,moderate_intensity,general,resistance_band,intermediate,Perform running using resistance_band with proper form and controlled movement.,Warm up before exercising. Use proper form.,moderate_intensity,"core,stabilizers",False,False,13,30-60 seconds,3,31,"Gradually increase intensity, reps, or weight for running","Poor form, rushing through reps, inadequate warm-up"
101,Rowing (kettlebell),cardio,moderate_intensity,general,kettlebell,intermediate,Perform rowing using kettlebell with proper form and controlled movement.,Warm up before exercising. Use proper form.,moderate_intensity,"core,stabilizers",False,False,14,30-60 seconds,3,56,"Gradually increase intensity, reps, or weight for rowing","Poor form, rushing through reps, inadequate warm-up"
102,Dancing,cardio,moderate_intensity,general,bodyweight,intermediate,Perform dancing using bodyweight with proper form and controlled movement.,Warm up before exercising. Use proper form.,moderate_intensity,"core,stabilizers",True,False,10,30-60 seconds,3,57,"Gradually increase intensity, reps, or weight for dancing","Poor form, rushing through reps, inadequate warm-up"
103,Dancing (cable),cardio,moderate_intensity,general,cable,intermediate,Perform dancing using cable with proper form and controlled movement.,Warm up before exercising. Use proper form.,moderate_intensity,"core,stabilizers",False,False,11,30-60 seconds,2,44,"Gradually increase intensity, reps, or weight for dancing","Poor form, rushing through reps, inadequate warm-up"
104,Hiking (barbell),cardio,moderate_intensity,general,barbell,advanced,Perform hiking using barbell with proper form and controlled movement.,Warm up before exercising. Use proper form. Consider using a spotter.,moderate_intensity,"core,stabilizers",False,False,11,30-60 seconds,2,41,"Gradually increase intensity, reps, or weight for hiking","Poor form, rushing through reps, inadequate warm-up"
105,Hiking (resistance_band),cardio,moderate_intensity,general,resistance_band,intermediate,Perform hiking using resistance_band with proper form and controlled movement.,Warm up before exercising. Use proper form.,moderate_intensity,"core,stabilizers",False,False,14,30-60 seconds,2,50,"Gradually increase intensity, reps, or weight for hiking","Poor form, rushing through reps, inadequate warm-up"
106,Basketball (dumbbell),cardio,moderate_intensity,general,dumbbell,intermediate,Perform basketball using dumbbell with proper form and controlled movement.,Warm up before exercising. Use proper form.,moderate_intensity,"core,stabilizers",False,False,8,30-60 seconds,2,37,"Gradually increase intensity, reps, or weight for basketball","Poor form, rushing through reps, inadequate warm-up"
107,Basketball (cable),cardio,moderate_intensity,general,cable,intermediate,Perform basketball using cable with proper form and controlled movement.,Warm up before exercising. Use proper form.,moderate_intensity,"core,stabilizers",False,False,11,30-60 seconds,4,60,"Gradually increase intensity, reps, or weight for basketball","Poor form, rushing through reps, inadequate warm-up"
108,Basketball (resistance_band),cardio,moderate_intensity,general,resistance_band,intermediate,Perform basketball using resistance_band with proper form and controlled movement.,Warm up before exercising. Use proper form.,moderate_intensity,"core,stabilizers",False,False,12,30-60 seconds,2,33,"Gradually increase intensity, reps, or weight for basketball","Poor form, rushing through reps, inadequate warm-up"
109,HIIT (dumbbell),cardio,high_intensity,general,dumbbell,intermediate,Perform hiit using dumbbell with proper form and controlled movement.,Warm up before exercising. Use proper form.,high_intensity,"core,stabilizers",False,False,13,30-60 seconds,4,30,"Gradually increase intensity, reps, or weight for hiit","Poor form, rushing through reps, inadequate warm-up"
110,HIIT (barbell),cardio,high_intensity,general,barbell,advanced,Perform hiit using barbell with proper form and controlled movement.,Warm up before exercising. Use proper form. Consider using a spotter.,high_intensity,"core,stabilizers",False,False,12,30-60 seconds,2,48,"Gradually increase intensity, reps, or weight for hiit","Poor form, rushing through reps, inadequate warm-up"
111,Burpees (dumbbell),cardio,high_intensity,general,dumbbell,intermediate,Perform burpees using dumbbell with proper form and controlled movement.,Warm up before exercising. Use proper form.,high_intensity,"core,stabilizers",False,False,9,30-60 seconds,4,47,"Gradually increase intensity, reps, or weight for burpees","Poor form, rushing through reps, inadequate warm-up"
112,Burpees (kettlebell),cardio,high_intensity,general,kettlebell,intermediate,Perform burpees using kettlebell with proper form and controlled movement.,Warm up before exercising. Use proper form.,high_intensity,"core,stabilizers",False,False,13,30-60 seconds,3,30,"Gradually increase intensity, reps, or weight for burpees","Poor form, rushing through reps, inadequate warm-up"
113,Mountain Climbers,cardio,high_intensity,general,bodyweight,intermediate,Perform mountain climbers using bodyweight with proper form and controlled movement.,Warm up before exercising. Use proper form.,high_intensity,"core,stabilizers",True,False,10,30-60 seconds,4,36,"Gradually increase intensity, reps, or weight for mountain climbers","Poor form, rushing through reps, inadequate warm-up"
114,Mountain Climbers (machine),cardio,high_intensity,general,machine,beginner,Perform mountain climbers using machine with proper form and controlled movement.,Warm up before exercising. Use proper form.,high_intensity,"core,stabilizers",True,False,14,30-60 seconds,4,37,"Gradually increase intensity, reps, or weight for mountain climbers","Poor form, rushing through reps, inadequate warm-up"
115,Jump Rope (kettlebell),cardio,high_intensity,general,kettlebell,intermediate,Perform jump rope using kettlebell with proper form and controlled movement.,Warm up before exercising. Use proper form.,high_intensity,"core,stabilizers",False,False,9,30-60 seconds,2,31,"Gradually increase intensity, reps, or weight for jump rope","Poor form, rushing through reps, inadequate warm-up"
116,Boxing (dumbbell),cardio,high_intensity,general,dumbbell,intermediate,Perform boxing using dumbbell with proper form and controlled movement.,Warm up before exercising. Use proper form.,high_intensity,"core,stabilizers",False,False,11,30-60 seconds,2,43,"Gradually increase intensity, reps, or weight for boxing","Poor form, rushing through reps, inadequate warm-up"
117,Boxing (barbell),cardio,high_intensity,general,barbell,advanced,Perform boxing using barbell with proper form and controlled movement.,Warm up before exercising. Use proper form. Consider using a spotter.,high_intensity,"core,stabilizers",False,False,14,30-60 seconds,4,43,"Gradually increase intensity, reps, or weight for boxing","Poor form, rushing through reps, inadequate warm-up"
118,Downward Dog,flexibility,yoga,general,bodyweight,intermediate,Perform downward dog using bodyweight with proper form and controlled movement.,Warm up before exercising. Use proper form.,yoga,"core,stabilizers",True,False,6,Hold for 30-60 seconds,2,30,"Gradually increase intensity, reps, or weight for downward dog","Poor form, rushing through reps, inadequate warm-up"
119,Downward Dog (barbell),flexibility,yoga,general,barbell,advanced,Perform downward dog using barbell with proper form and controlled movement.,Warm up before exercising. Use proper form. Consider using a spotter.,yoga,"core,stabilizers",False,False,5,Hold for 30-60 seconds,4,48,"Gradually increase intensity, reps, or weight for downward dog","Poor form, rushing through reps, inadequate warm-up"
120,Downward Dog (cable),flexibility,yoga,general,cable,intermediate,Perform downward dog using cable with proper form and controlled movement.,Warm up before exercising. Use proper form.,yoga,"core,stabilizers",False,False,6,Hold for 30-60 seconds,3,30,"Gradually increase intensity, reps, or weight for downward dog","Poor form, rushing through reps, inadequate warm-up"
121,Downward Dog (resistance_band),flexibility,yoga,general,resistance_band,intermediate,Perform downward dog using resistance_band with proper form and controlled movement.,Warm up before exercising. Use proper form.,yoga,"core,stabilizers",False,False,2,Hold for 30-60 seconds,2,49,"Gradually increase intensity, reps, or weight for downward dog","Poor form, rushing through reps, inadequate warm-up"
122,Warrior I (kettlebell),flexibility,yoga,general,kettlebell,intermediate,Perform warrior i using kettlebell with proper form and controlled movement.,Warm up before exercising. Use proper form.,yoga,"core,stabilizers",False,False,2,Hold for 30-60 seconds,3,43,"Gradually increase intensity, reps, or weight for warrior i","Poor form, rushing through reps, inadequate warm-up"
123,Warrior II,flexibility,yoga,general,bodyweight,intermediate,Perform warrior ii using bodyweight with proper form and controlled movement.,Warm up before exercising. Use proper form.,yoga,"core,stabilizers",True,False,3,Hold for 30-60 seconds,2,60,"Gradually increase intensity, reps, or weight for warrior ii","Poor form, rushing through reps, inadequate warm-up"
124,Warrior II (dumbbell),flexibility,yoga,general,dumbbell,intermediate,Perform warrior ii using dumbbell with proper form and controlled movement.,Warm up before exercising. Use proper form.,yoga,"core,stabilizers",False,False,3,Hold for 30-60 seconds,2,53,"Gradually increase intensity, reps, or weight for warrior ii","Poor form, rushing through reps, inadequate warm-up"
125,Warrior II (barbell),flexibility,yoga,general,barbell,advanced,Perform warrior ii using barbell with proper form and controlled movement.,Warm up before exercising. Use proper form. Consider using a spotter.,yoga,"core,stabilizers",False,False,4,Hold for 30-60 seconds,3,37,"Gradually increase intensity, reps, or weight for warrior ii","Poor form, rushing through reps, inadequate warm-up"
126,Triangle Pose (dumbbell),flexibility,yoga,general,dumbbell,intermediate,Perform triangle pose using dumbbell with proper form and controlled movement.,Warm up before exercising. Use proper form.,yoga,"core,stabilizers",False,False,6,Hold for 30-60 seconds,2,56,"Gradually increase intensity, reps, or weight for triangle pose","Poor form, rushing through reps, inadequate warm-up"
127,Triangle Pose (kettlebell),flexibility,yoga,general,kettlebell,intermediate,Perform triangle pose using kettlebell with proper form and controlled movement.,Warm up before exercising. Use proper form.,yoga,"core,stabilizers",False,False,5,Hold for 30-60 seconds,4,57,"Gradually increase intensity, reps, or weight for triangle pose","Poor form, rushing through reps, inadequate warm-up"
128,Child's Pose,flexibility,yoga,general,bodyweight,intermediate,Perform child's pose using bodyweight with proper form and controlled movement.,Warm up before exercising. Use proper form.,yoga,"core,stabilizers",True,False,2,Hold for 30-60 seconds,3,53,"Gradually increase intensity, reps, or weight for child's pose","Poor form, rushing through reps, inadequate warm-up"
129,Cobra Pose,flexibility,yoga,general,bodyweight,intermediate,Perform cobra pose using bodyweight with proper form and controlled movement.,Warm up before exercising. Use proper form.,yoga,"core,stabilizers",True,False,6,Hold for 30-60 seconds,3,53,"Gradually increase intensity, reps, or weight for cobra pose","Poor form, rushing through reps, inadequate warm-up"
130,Cobra Pose (barbell),flexibility,yoga,general,barbell,advanced,Perform cobra pose using barbell with proper form and controlled movement.,Warm up before exercising. Use proper form. Consider using a spotter.,yoga,"core,stabilizers",False,False,6,Hold for 30-60 seconds,4,32,"Gradually increase intensity, reps, or weight for cobra pose","Poor form, rushing through reps, inadequate warm-up"
131,Hamstring Stretch,flexibility,stretching,general,bodyweight,intermediate,Perform hamstring stretch using bodyweight with proper form and controlled movement.,Warm up before exercising. Use proper form.,stretching,"core,stabilizers",True,False,3,Hold for 30-60 seconds,4,36,"Gradually increase intensity, reps, or weight for hamstring stretch","Poor form, rushing through reps, inadequate warm-up"
132,Hamstring Stretch (machine),flexibility,stretching,general,machine,beginner,Perform hamstring stretch using machine with proper form and controlled movement.,Warm up before exercising. Use proper form.,stretching,"core,stabilizers",True,False,3,Hold for 30-60 seconds,4,57,"Gradually increase intensity, reps, or weight for hamstring stretch","Poor form, rushing through reps, inadequate warm-up"
133,Hamstring Stretch (cable),flexibility,stretching,general,cable,intermediate,Perform hamstring stretch using cable with proper form and controlled movement.,Warm up before exercising. Use proper form.,stretching,"core,stabilizers",False,False,4,Hold for 30-60 seconds,4,43,"Gradually increase intensity, reps, or weight for hamstring stretch","Poor form, rushing through reps, inadequate warm-up"
134,Quad Stretch (cable),flexibility,stretching,general,cable,intermediate,Perform quad stretch using cable with proper form and controlled movement.,Warm up before exercising. Use proper form.,stretching,"core,stabilizers",False,False,5,Hold for 30-60 seconds,3,32,"Gradually increase intensity, reps, or weight for quad stretch","Poor form, rushing through reps, inadequate warm-up"
135,Calf Stretch (cable),flexibility,stretching,general,cable,intermediate,Perform calf stretch using cable with proper form and controlled movement.,Warm up before exercising. Use proper form.,stretching,"core,stabilizers",False,False,3,Hold for 30-60 seconds,4,34,"Gradually increase intensity, reps, or weight for calf stretch","Poor form, rushing through reps, inadequate warm-up"
136,Hip Flexor Stretch,flexibility,stretching,general,bodyweight,intermediate,Perform hip flexor stretch using bodyweight with proper form and controlled movement.,Warm up before exercising. Use proper form.,stretching,"core,stabilizers",True,False,2,Hold for 30-60 seconds,2,32,"Gradually increase intensity, reps, or weight for hip flexor stretch","Poor form, rushing through reps, inadequate warm-up"
137,Hip Flexor Stretch (cable),flexibility,stretching,general,cable,intermediate,Perform hip flexor stretch using cable with proper form and controlled movement.,Warm up before exercising. Use proper form.,stretching,"core,stabilizers",False,False,2,Hold for 30-60 seconds,4,31,"Gradually increase intensity, reps, or weight for hip flexor stretch","Poor form, rushing through reps, inadequate warm-up"
138,Shoulder Stretch (barbell),flexibility,stretching,general,barbell,advanced,Perform shoulder stretch using barbell with proper form and controlled movement.,Warm up before exercising. Use proper form. Consider using a spotter.,stretching,"core,stabilizers",False,False,4,Hold for 30-60 seconds,4,44,"Gradually increase intensity, reps, or weight for shoulder stretch","Poor form, rushing through reps, inadequate warm-up"
139,Arm Circles,flexibility,mobility,general,bodyweight,intermediate,Perform arm circles using bodyweight with proper form and controlled movement.,Warm up before exercising. Use proper form.,mobility,"core,stabilizers",True,False,6,Hold for 30-60 seconds,3,30,"Gradually increase intensity, reps, or weight for arm circles","Poor form, rushing through reps, inadequate warm-up"
140,Arm Circles (kettlebell),flexibility,mobility,general,kettlebell,intermediate,Perform arm circles using kettlebell with proper form and controlled movement.,Warm up before exercising. Use proper form.,mobility,"core,stabilizers",False,False,2,Hold for 30-60 seconds,3,34,"Gradually increase intensity, reps, or weight for arm circles","Poor form, rushing through reps, inadequate warm-up"
141,Leg Swings,flexibility,mobility,general,bodyweight,intermediate,Perform leg swings using bodyweight with proper form and controlled movement.,Warm up before exercising. Use proper form.,mobility,"core,stabilizers",True,False,2,Hold for 30-60 seconds,2,58,"Gradually increase intensity, reps, or weight for leg swings","Poor form, rushing through reps, inadequate warm-up"
142,Leg Swings (barbell),flexibility,mobility,general,barbell,advanced,Perform leg swings using barbell with proper form and controlled movement.,Warm up before exercising. Use proper form. Consider using a spotter.,mobility,"core,stabilizers",False,False,2,Hold for 30-60 seconds,3,42,"Gradually increase intensity, reps, or weight for leg swings","Poor form, rushing through reps, inadequate warm-up"
143,Leg Swings (kettlebell),flexibility,mobility,general,kettlebell,intermediate,Perform leg swings using kettlebell with proper form and controlled movement.,Warm up before exercising. Use proper form.,mobility,"core,stabilizers",False,False,3,Hold for 30-60 seconds,4,41,"Gradually increase intensity, reps, or weight for leg swings","Poor form, rushing through reps, inadequate warm-up"
144,Neck Rolls,flexibility,mobility,general,bodyweight,intermediate,Perform neck rolls using bodyweight with proper form and controlled movement.,Warm up before exercising. Use proper form.,mobility,"core,stabilizers",True,False,3,Hold for 30-60 seconds,2,30,"Gradually increase intensity, reps, or weight for neck rolls","Poor form, rushing through reps, inadequate warm-up"
145,Neck Rolls (barbell),flexibility,mobility,general,barbell,advanced,Perform neck rolls using barbell with proper form and controlled movement.,Warm up before exercising. Use proper form. Consider using a spotter.,mobility,"core,stabilizers",False,False,3,Hold for 30-60 seconds,4,49,"Gradually increase intensity, reps, or weight for neck rolls","Poor form, rushing through reps, inadequate warm-up"
146,Neck Rolls (machine),flexibility,mobility,general,machine,beginner,Perform neck rolls using machine with proper form and controlled movement.,Warm up before exercising. Use proper form.,mobility,"core,stabilizers",True,False,6,Hold for 30-60 seconds,4,50,"Gradually increase intensity, reps, or weight for neck rolls","Poor form, rushing through reps, inadequate warm-up"
147,Ankle Rolls,flexibility,mobility,general,bodyweight,intermediate,Perform ankle rolls using bodyweight with proper form and controlled movement.,Warm up before exercising. Use proper form.,mobility,"core,stabilizers",True,False,2,Hold for 30-60 seconds,2,41,"Gradually increase intensity, reps, or weight for ankle rolls","Poor form, rushing through reps, inadequate warm-up"
148,Ankle Rolls (barbell),flexibility,mobility,general,barbell,advanced,Perform ankle rolls using barbell with proper form and controlled movement.,Warm up before exercising. Use proper form. Consider using a spotter.,mobility,"core,stabilizers",False,False,6,Hold for 30-60 seconds,4,52,"Gradually increase intensity, reps, or weight for ankle rolls","Poor form, rushing through reps, inadequate warm-up"
149,Planks,core,stability,general,bodyweight,intermediate,Perform planks using bodyweight with proper form and controlled movement.,Warm up before exercising. Use proper form.,stability,"core,stabilizers",True,False,2,Hold for 30-60 seconds,4,35,"Gradually increase intensity, reps, or weight for planks","Poor form, rushing through reps, inadequate warm-up"
150,Planks (resistance_band),core,stability,general,resistance_band,intermediate,Perform planks using resistance_band with proper form and controlled movement.,Warm up before exercising. Use proper form.,stability,"core,stabilizers",False,False,3,Hold for 30-60 seconds,4,52,"Gradually increase intensity, reps, or weight for planks","Poor form, rushing through reps, inadequate warm-up"
151,Side Planks,core,stability,general,bodyweight,intermediate,Perform side planks using bodyweight with proper form and controlled movement.,Warm up before exercising. Use proper form.,stability,"core,stabilizers",True,False,6,Hold for 30-60 seconds,2,32,"Gradually increase intensity, reps, or weight for side planks","Poor form, rushing through reps, inadequate warm-up"
152,Dead Bug,core,stability,general,bodyweight,intermediate,Perform dead bug using bodyweight with proper form and controlled movement.,Warm up before exercising. Use proper form.,stability,"core,stabilizers",True,False,4,Hold for 30-60 seconds,4,36,"Gradually increase intensity, reps, or weight for dead bug","Poor form, rushing through reps, inadequate warm-up"
153,Bird Dog (dumbbell),core,stability,general,dumbbell,intermediate,Perform bird dog using dumbbell with proper form and controlled movement.,Warm up before exercising. Use proper form.,stability,"core,stabilizers",False,False,5,Hold for 30-60 seconds,3,36,"Gradually increase intensity, reps, or weight for bird dog","Poor form, rushing through reps, inadequate warm-up"
154,Bird Dog (machine),core,stability,general,machine,beginner,Perform bird dog using machine with proper form and controlled movement.,Warm up before exercising. Use proper form.,stability,"core,stabilizers",True,False,6,Hold for 30-60 seconds,3,49,"Gradually increase intensity, reps, or weight for bird dog","Poor form, rushing through reps, inadequate warm-up"
155,Hollow Body Hold (dumbbell),core,stability,general,dumbbell,intermediate,Perform hollow body hold using dumbbell with proper form and controlled movement.,Warm up before exercising. Use proper form.,stability,"core,stabilizers",False,False,3,Hold for 30-60 seconds,3,33,"Gradually increase intensity, reps, or weight for hollow body hold","Poor form, rushing through reps, inadequate warm-up"
156,Hollow Body Hold (barbell),core,stability,general,barbell,advanced,Perform hollow body hold using barbell with proper form and controlled movement.,Warm up before exercising. Use proper form. Consider using a spotter.,stability,"core,stabilizers",False,False,3,Hold for 30-60 seconds,2,53,"Gradually increase intensity, reps, or weight for hollow body hold","Poor form, rushing through reps, inadequate warm-up"
157,Hollow Body Hold (cable),core,stability,general,cable,intermediate,Perform hollow body hold using cable with proper form and controlled movement.,Warm up before exercising. Use proper form.,stability,"core,stabilizers",False,False,3,Hold for 30-60 seconds,2,36,"Gradually increase intensity, reps, or weight for hollow body hold","Poor form, rushing through reps, inadequate warm-up"
158,Hollow Body Hold (resistance_band),core,stability,general,resistance_band,intermediate,Perform hollow body hold using resistance_band with proper form and controlled movement.,Warm up before exercising. Use proper form.,stability,"core,stabilizers",False,False,2,Hold for 30-60 seconds,2,42,"Gradually increase intensity, reps, or weight for hollow body hold","Poor form, rushing through reps, inadequate warm-up"
159,Crunches,core,strength,general,bodyweight,intermediate,Perform crunches using bodyweight with proper form and controlled movement.,Warm up before exercising. Use proper form.,strength,"core,stabilizers",True,False,3,Hold for 30-60 seconds,3,49,"Gradually increase intensity, reps, or weight for crunches","Poor form, rushing through reps, inadequate warm-up"
160,Crunches (machine),core,strength,general,machine,beginner,Perform crunches using machine with proper form and controlled movement.,Warm up before exercising. Use proper form.,strength,"core,stabilizers",True,False,6,Hold for 30-60 seconds,3,42,"Gradually increase intensity, reps, or weight for crunches","Poor form, rushing through reps, inadequate warm-up"
161,Crunches (kettlebell),core,strength,general,kettlebell,intermediate,Perform crunches using kettlebell with proper form and controlled movement.,Warm up before exercising. Use proper form.,strength,"core,stabilizers",False,False,5,Hold for 30-60 seconds,3,51,"Gradually increase intensity, reps, or weight for crunches","Poor form, rushing through reps, inadequate warm-up"
162,Bicycle Crunches (machine),core,strength,general,machine,beginner,Perform bicycle crunches using machine with proper form and controlled movement.,Warm up before exercising. Use proper form.,strength,"core,stabilizers",True,False,4,Hold for 30-60 seconds,4,39,"Gradually increase intensity, reps, or weight for bicycle crunches","Poor form, rushing through reps, inadequate warm-up"
163,Russian Twists,core,strength,general,bodyweight,intermediate,Perform russian twists using bodyweight with proper form and controlled movement.,Warm up before exercising. Use proper form.,strength,"core,stabilizers",True,False,5,Hold for 30-60 seconds,2,59,"Gradually increase intensity, reps, or weight for russian twists","Poor form, rushing through reps, inadequate warm-up"
164,Russian Twists (kettlebell),core,strength,general,kettlebell,intermediate,Perform russian twists using kettlebell with proper form and controlled movement.,Warm up before exercising. Use proper form.,strength,"core,stabilizers",False,False,2,Hold for 30-60 seconds,2,39,"Gradually increase intensity, reps, or weight for russian twists","Poor form, rushing through reps, inadequate warm-up"
165,V-ups (kettlebell),core,strength,general,kettlebell,intermediate,Perform v-ups using kettlebell with proper form and controlled movement.,Warm up before exercising. Use proper form.,strength,"core,stabilizers",False,False,3,Hold for 30-60 seconds,4,44,"Gradually increase intensity, reps, or weight for v-ups","Poor form, rushing through reps, inadequate warm-up"
166,Leg Raises (barbell),core,strength,general,barbell,advanced,Perform leg raises using barbell with proper form and controlled movement.,Warm up before exercising. Use proper form. Consider using a spotter.,strength,"core,stabilizers",False,False,3,Hold for 30-60 seconds,3,39,"Gradually increase intensity, reps, or weight for leg raises","Poor form, rushing through reps, inadequate warm-up"
167,Leg Raises (machine),core,strength,general,machine,beginner,Perform leg raises using machine with proper form and controlled movement.,Warm up before exercising. Use proper form.,strength,"core,stabilizers",True,False,5,Hold for 30-60 seconds,2,33,"Gradually increase intensity, reps, or weight for leg raises","Poor form, rushing through reps, inadequate warm-up"
168,Mountain Climbers,core,functional,general,bodyweight,intermediate,Perform mountain climbers using bodyweight with proper form and controlled movement.,Warm up before exercising. Use proper form.,functional,"core,stabilizers",True,False,5,Hold for 30-60 seconds,4,37,"Gradually increase intensity, reps, or weight for mountain climbers","Poor form, rushing through reps, inadequate warm-up"
169,Mountain Climbers (cable),core,functional,general,cable,intermediate,Perform mountain climbers using cable with proper form and controlled movement.,Warm up before exercising. Use proper form.,functional,"core,stabilizers",False,False,5,Hold for 30-60 seconds,2,52,"Gradually increase intensity, reps, or weight for mountain climbers","Poor form, rushing through reps, inadequate warm-up"
170,Bear Crawl,core,functional,general,bodyweight,intermediate,Perform bear crawl using bodyweight with proper form and controlled movement.,Warm up before exercising. Use proper form.,functional,"core,stabilizers",True,False,4,Hold for 30-60 seconds,3,45,"Gradually increase intensity, reps, or weight for bear crawl","Poor form, rushing through reps, inadequate warm-up"
171,Turkish Get-ups (dumbbell),core,functional,general,dumbbell,intermediate,Perform turkish get-ups using dumbbell with proper form and controlled movement.,Warm up before exercising. Use proper form.,functional,"core,stabilizers",False,False,2,Hold for 30-60 seconds,3,36,"Gradually increase intensity, reps, or weight for turkish get-ups","Poor form, rushing through reps, inadequate warm-up"
172,Turkish Get-ups (kettlebell),core,functional,general,kettlebell,intermediate,Perform turkish get-ups using kettlebell with proper form and controlled movement.,Warm up before exercising. Use proper form.,functional,"core,stabilizers",False,False,4,Hold for 30-60 seconds,4,55,"Gradually increase intensity, reps, or weight for turkish get-ups","Poor form, rushing through reps, inadequate warm-up"
173,Wood Chops,core,functional,general,bodyweight,intermediate,Perform wood chops using bodyweight with proper form and controlled movement.,Warm up before exercising. Use proper form.,functional,"core,stabilizers",True,False,4,Hold for 30-60 seconds,4,49,"Gradually increase intensity, reps, or weight for wood chops","Poor form, rushing through reps, inadequate warm-up"
174,Wood Chops (kettlebell),core,functional,general,kettlebell,intermediate,Perform wood chops using kettlebell with proper form and controlled movement.,Warm up before exercising. Use proper form.,functional,"core,stabilizers",False,False,3,Hold for 30-60 seconds,4,36,"Gradually increase intensity, reps, or weight for wood chops","Poor form, rushing through reps, inadequate warm-up"
